{"tip_to_dip_mm": 22.098277753827333, "dip_to_pip_mm": 23.231640791371966, "dip_width_mm": 17.35286054720038, "pip_width_mm": 20.833823591099854, "bend_angle_degrees": 3.452000952613452, "bend_angle_direction": "counterclockwise"}