{"major_measurements": {"tip_dip_mm": 17.866056366648923, "dip_pip_mm": 27.22575226514214, "dip_tip_major_axis": 17.333640490160583, "dip_width_major_axis": 18.197043528085082, "pip_dip_major_axis": 18.26353315221343, "dist_dip_tip_midpoint_mm": 8.933028183324462, "dist_pip_dip_midpoint_mm": 13.61287613257107, "bend_angle_degrees": 3.1410187065626896, "bend_angle_direction": "clockwise", "x_offset": 2.371524961281342}, "minor_measurements": {"dip_tip_minor_axis": 12.01773888576396, "dip_width_minor_axis": 16.31323591722176, "pip_dip_minor_axis": 17.037196091062963}}